,epoch,train_loss,val_loss
0,0,6.978805383300781,6.978805383300781
